referenceNumber,model,type,customerFullName,sososo
9603138290,SL-Class,instapayment,Ulrick,ulovett0@thetimes.co.uk
5241109137,Sonata,jcb,Frederick,fdobkin1@miibeian.gov.cn
3094093817,Astro,jcb,Augusto,agander2@dot.gov
3845392991,E-Series,jcb,Hayden,hhayen3@google.cn
4571934629,Lumina,americanexpress,Muffin,mlapides4@un.org
5860377738,Paseo,laser,Walker,wpaule5@barnesandnoble.com
8797237655,Accord Crosstour,mastercard,Burk,bmckeeman6@pcworld.com
7644928359,Cougar,china-unionpay,Sol,sneylon7@springer.com
4858272788,599 GTB Fiorano,mastercard,Antoni,achess8@accuweather.com
9430610066,Sentra,maestro,Geordie,gjellyman9@gizmodo.com
7201748521,XJ,switch,Cody,ctoplinga@youku.com
1856104265,Century,mastercard,Reg,rleijsb@behance.net
6998245904,XJ Series,diners-club-enroute,Harbert,hmacgorleyc@twitpic.com
3865932797,GTO,jcb,Fons,fdaybelld@i2i.jp
1408637561,Cooper,jcb,Kean,kmoodye@themeforest.net
6603727951,Continental Flying Spur,diners-club-carte-blanche,Ignacius,ialfonzof@nba.com
0059482044,Nubira,diners-club-enroute,Towney,tdassindaleg@harvard.edu
8377355922,Trooper,switch,Peder,pselewayh@google.de
0073505722,EXP,maestro,Bennie,bhalliburtoni@marriott.com
2086108486,XG350,maestro,Bartolomeo,bjacquemej@whitehouse.gov
0651262747,Elantra,china-unionpay,Hart,heverillk@discuz.net
9346638079,Cutlass Supreme,maestro,Burl,bgreswelll@usnews.com
7318120271,Legacy,jcb,Roderich,rmcraveym@sohu.com
8402838537,Q7,jcb,Willie,wjanuarystn@gnu.org
7190548084,Expedition EL,china-unionpay,Roley,rfendo@nih.gov
7286362623,Grand Prix,jcb,Hercules,hlepardp@nsw.gov.au
2791149651,Mustang,jcb,Emanuele,enisbithq@netlog.com
8668660977,LS Hybrid,americanexpress,Claudius,cwontnerr@jalbum.net
3371083233,Mark VIII,jcb,Greg,gknappens@privacy.gov.au
9055896209,Terraza,bankcard,Zollie,zdebruynet@livejournal.com
7155136905,S60,jcb,Gun,gmontu@ezinearticles.com
8558059322,Express 1500,visa,Chip,chindmorev@tripadvisor.com
7492229844,Passat,maestro,Odey,ohearstw@java.com
4818101915,Topaz,jcb,Renault,rgillisonx@php.net
5329486343,2500,jcb,Douglas,dfancourty@g.co
5282600129,F350,switch,Hieronymus,hmcgeffenz@webeden.co.uk
8231198482,Cayenne,americanexpress,Vito,vgrinyakin10@facebook.com
7199865864,Firebird,jcb,Jonathon,jlowbridge11@blogspot.com
7250829807,Acclaim,maestro,Joey,jgronauer12@time.com
9003789762,Dakota,mastercard,Beau,bmarcum13@ezinearticles.com
3065492997,Crossfire,bankcard,Aldwin,asouza14@exblog.jp
0378809547,Eurovan,jcb,Reube,rskures15@auda.org.au
6290511408,Quattroporte,jcb,Elwin,ehelgass16@ed.gov
2030688061,Golf,jcb,Orazio,omcgarel17@artisteer.com
6289677756,Savana 2500,instapayment,Stern,speasegod18@independent.co.uk
9446043026,V50,jcb,Baxter,bboothebie19@parallels.com
4402788064,Sunbird,bankcard,Puff,plaurent1a@xinhuanet.com
9972536947,LaCrosse,mastercard,Hans,hbeen1b@youtu.be
0882559567,Avalon,maestro,Goddart,gtewes1c@facebook.com
0975697161,Thunderbird,jcb,Denver,dscarsbrick1d@etsy.com
4038172945,Escalade,visa-electron,Jecho,jdublin1e@angelfire.com
3285377313,Tribeca,americanexpress,Domenic,dresdale1f@paypal.com
6993059851,Montero,maestro,Michel,mavis1g@loc.gov
4984882107,Mariner,maestro,Michale,mmacaless1h@alibaba.com
7114145209,LS,laser,Willi,wgrigori1i@feedburner.com
1080504079,Bonneville,maestro,Benji,bmartellini1j@e-recht24.de
2860686088,Mighty Max,jcb,Frants,foloughran1k@auda.org.au
2354919999,Grand Prix,jcb,Lindsey,labercromby1l@nifty.com
7957003400,Express 1500,jcb,Noel,nmattes1m@quantcast.com
8002047605,NSX,jcb,Welch,wbutfield1n@ucoz.com
3524772161,PT Cruiser,jcb,Rainer,roxbury1o@chronoengine.com
3443147194,Quest,visa,Lloyd,lbygraves1p@sohu.com
4346762654,GS,jcb,Balduin,borrock1q@blogtalkradio.com
1320637914,Savana 2500,jcb,Nevile,nconant1r@webeden.co.uk
1131401093,Quattro,jcb,Connie,cfaulconbridge1s@phpbb.com
0821050907,RAV4,jcb,Far,fmackeogh1t@eventbrite.com
6267089207,300CE,visa-electron,Albert,alambkin1u@over-blog.com
0952787431,QX,laser,Patty,pbartod1v@usda.gov
7975931802,1500 Club Coupe,visa-electron,Jamaal,jvain1w@rakuten.co.jp
8023272268,Veracruz,maestro,Boycie,bausello1x@deliciousdays.com
8900868845,Mini,diners-club-carte-blanche,Luce,ltorres1y@redcross.org
6653907244,C-Class,jcb,Reuven,rpiper1z@google.es
9390513707,760,visa,Sherwood,sbain20@dell.com
4114674322,RDX,diners-club-carte-blanche,Sanderson,sheel21@un.org
1742208592,DeVille,jcb,Jarrod,jstroband22@who.int
0110372557,Traverse,americanexpress,Yardley,yeastes23@nifty.com
2394801263,300SL,americanexpress,Alfredo,alashley24@godaddy.com
2332724486,SLK-Class,diners-club-enroute,Orson,ostent25@linkedin.com
1105192237,Spirit,maestro,Gibb,gveness26@google.nl
2102539598,Defender 90,switch,Loy,lmollnar27@sourceforge.net
7214439425,Continental,jcb,Lorry,lborgesio28@devhub.com
3613488086,Spectra,jcb,Derrik,drabjohn29@live.com
0654450285,Malibu,jcb,Gordie,galejandri2a@csmonitor.com
7969209505,Econoline E350,china-unionpay,Hervey,hwhooley2b@hud.gov
8718147496,900,jcb,Eli,egarett2c@merriam-webster.com
4112538642,Continental,diners-club-enroute,Bert,bfearick2d@360.cn
2024354394,ES,jcb,Mitchel,mfellini2e@4shared.com
1357239394,Accord,mastercard,Richard,rvarley2f@boston.com
6807576315,Sportvan G10,jcb,Kilian,khedau2g@baidu.com
6662812218,Grand Voyager,mastercard,Remington,rtimbs2h@ebay.com
9102405288,Sequoia,jcb,Angeli,asyne2i@si.edu
7207792883,Q5,maestro,Gerrie,ggerrelts2j@spotify.com
2307986901,Cougar,jcb,Thornie,twybern2k@icio.us
3823880144,Ram 2500,diners-club-enroute,Baily,bsandcraft2l@usgs.gov
7008956908,ES,jcb,Ignaz,idulin2m@ca.gov
7131867101,Grand Caravan,jcb,Guillermo,gsnasdell2n@reddit.com
2763387543,545,maestro,Dewain,detoile2o@comcast.net
8293710624,Grand Caravan,americanexpress,Tyrone,tpietruszka2p@europa.eu
3620189552,Grand Caravan,jcb,Brigham,btomkin2q@wordpress.com
4065638232,G-Series G20,solo,Shalom,skillingback2r@clickbank.net
6984044723,E-Class,jcb,Ivor,iquilliam2s@barnesandnoble.com
6685091835,XK,diners-club-carte-blanche,Cam,cwoolforde2t@nih.gov
0974662461,Justy,jcb,Matty,mmarjanovic2u@51.la
6370865664,Montana,maestro,Fidel,fbowling2v@squidoo.com
7429608841,Mazda5,diners-club-carte-blanche,Reamonn,rarnaldy2w@ftc.gov
4222368520,Silverado,jcb,Ethan,emcteague2x@blogger.com
8982198415,RX-8,jcb,Kalle,klaurens2y@myspace.com
9773955249,Echo,jcb,Timofei,tnicholl2z@ucoz.ru
6022145082,Sportage,mastercard,Paten,pdunklee30@quantcast.com
9554153325,Routan,jcb,Elijah,eparysiak31@wordpress.com
5169186606,SLK-Class,jcb,Blane,beaslea32@yellowpages.com
3547783984,Sorento,diners-club-enroute,Shermie,sglendinning33@elpais.com
6168096337,GLK-Class,diners-club-carte-blanche,Sherlock,sthornbarrow34@slashdot.org
7800359190,TT,jcb,Ximenez,xbrouwer35@who.int
5408434745,Commander,visa-electron,Staffard,ssinden36@senate.gov
6483014783,I,jcb,Alastair,abeynkn37@berkeley.edu
1191186644,H1,diners-club-carte-blanche,Barnebas,bsteagall38@accuweather.com
2082389499,Viper,jcb,Phillipe,plineham39@yahoo.co.jp
8270317454,Sequoia,bankcard,Boonie,btunney3a@earthlink.net
8408315226,Land Cruiser,mastercard,Gael,ggrealish3b@state.tx.us
3024818987,GTI,visa-electron,Binky,bbegley3c@over-blog.com
2462417508,Silhouette,solo,Terri,tshropsheir3d@seattletimes.com
1884816126,Premier,jcb,Abel,aarstingall3e@bizjournals.com
0899963587,Maxima,jcb,Isacco,ibindon3f@facebook.com
4586978058,Suburban 1500,jcb,Staford,smiddlemass3g@columbia.edu
9687476559,Verona,china-unionpay,Husein,hgonzalez3h@state.tx.us
7912127658,Grand Voyager,mastercard,Rolph,rsauvage3i@gmpg.org
3400610054,Sidekick,jcb,Wallace,wsterndale3j@ox.ac.uk
9423259367,Bonneville,maestro,Gorden,golle3k@tamu.edu
7133716895,Silverado 2500,diners-club-enroute,Hinze,hgumn3l@jugem.jp
7375968691,Spyder,jcb,Garrard,gpetti3m@pcworld.com
1869381157,Escort,jcb,Paton,ppetrak3n@weebly.com
0710235283,Legacy,jcb,Stanislaw,sdarrington3o@miitbeian.gov.cn
4837221041,Accent,americanexpress,Dennison,dfarman3p@telegraph.co.uk
8726150212,Defender 90,diners-club-enroute,Elnar,eknuckles3q@ca.gov
4681857211,1500,jcb,Cazzie,ctakkos3r@ihg.com
1606269569,Sienna,jcb,Esme,ehailes3s@seattletimes.com
1235757455,RL,mastercard,Robin,rpiggott3t@ihg.com
0663472180,1500,maestro,Morgun,myggo3u@umn.edu
0959900101,M6,maestro,Ram,rellar3v@oakley.com
5402925275,GTO,maestro,Putnem,pcoiley3w@mail.ru
3243158664,Riviera,china-unionpay,Parsifal,paslott3x@wordpress.org
6914771251,Outlook,visa,Ivan,iclapham3y@netvibes.com
7484200379,Avenger,jcb,Raddie,rclinkard3z@clickbank.net
9059852737,Jetta III,jcb,Kev,kstovin40@constantcontact.com
1915868254,A4,americanexpress,Zack,zvallentin41@jimdo.com
0941702146,Passat,jcb,Ernest,efuggles42@artisteer.com
0522671667,968,mastercard,Ruddy,rbunning43@blogspot.com
6681735045,Avenger,mastercard,Rodolfo,rwodeland44@slideshare.net
2572328305,RAV4,switch,Sutton,skissack45@networksolutions.com
6238878924,M5,americanexpress,Hy,hyuill46@de.vu
9017220643,Continental,switch,Anselm,aangless47@scribd.com
7506947714,Continental Flying Spur,switch,Sauveur,skaplin48@scientificamerican.com
6216396943,Corvette,mastercard,Obediah,orossbrook49@ucoz.ru
3676627326,Optima,jcb,Rossy,rhawker4a@nature.com
0127257357,ZDX,jcb,Ingemar,ijaquest4b@berkeley.edu
4635642046,Exige,jcb,Jarib,jsager4c@washingtonpost.com
8404147388,Sentra,visa,Darrick,delstow4d@prnewswire.com
0661384705,Escalade ESV,diners-club-enroute,Drugi,dleith4e@nifty.com
5028072523,Z3,diners-club-enroute,Stanfield,srawlyns4f@house.gov
1251830862,Sentra,jcb,Jackie,jmccutheon4g@desdev.cn
2827116359,NX,mastercard,Harry,hivanichev4h@mashable.com
1914512480,Avalon,visa-electron,Skye,swaldren4i@pagesperso-orange.fr
0793549663,3 Series,jcb,Neale,ncampos4j@mayoclinic.com
7857034983,Sportage,instapayment,Gerald,geyer4k@naver.com
9253549076,LeBaron,jcb,Cameron,cbalogh4l@newsvine.com
5777770959,Town Car,bankcard,Kerwin,kburnet4m@360.cn
5161073365,Tacoma,jcb,Virge,vcoddington4n@biblegateway.com
6516960437,Vandura 2500,jcb,Erny,emurie4o@sciencedaily.com
1135395233,HS,bankcard,Minor,mlabatie4p@geocities.jp
4180928051,xB,diners-club-enroute,Heindrick,hrigeby4q@sfgate.com
3289812502,Mighty Max,jcb,Gavan,gstileman4r@moonfruit.com
2546392948,Accord,mastercard,Ellswerth,eblanque4s@uol.com.br
2494587980,626,jcb,Alec,amoisey4t@pinterest.com
2499188243,M3,jcb,Brook,bmaciaszczyk4u@wikispaces.com
9811337063,Sable,maestro,Dominik,dsweeney4v@alibaba.com
3537950284,Firebird,mastercard,Sal,sgerram4w@posterous.com
9121200491,Econoline E250,jcb,Samuel,showorth4x@utexas.edu
9879546016,929,jcb,Case,clavery4y@columbia.edu
7321606635,Frontier,jcb,Gorden,gwisham4z@independent.co.uk
7858110489,Cressida,instapayment,Chauncey,csnoddy50@tinypic.com
4581302765,Tundra,jcb,Pyotr,pbonallick51@dailymotion.com
0298860937,Roadmaster,diners-club-carte-blanche,Langston,lbunce52@jugem.jp
3231738679,Sierra 1500,diners-club-enroute,Tynan,tdonnett53@woothemes.com
1660885515,Accent,jcb,Hazlett,hmcgibbon54@cornell.edu
5696834647,7 Series,solo,Sax,sfeaks55@wikispaces.com
6877001907,Corvette,jcb,Granthem,gbarta56@independent.co.uk
8302463655,Z3,mastercard,Vinny,vcinelli57@mit.edu
3922917925,911,maestro,Lazar,lmathely58@nps.gov
9777900171,STS,visa-electron,Leonid,lhelstrip59@kickstarter.com
3214722026,Passport,jcb,Olvan,ozywicki5a@abc.net.au
4865012176,Envoy,jcb,Welbie,wdoyly5b@weibo.com
5914362563,MX-5,jcb,Wood,wstetlye5c@bloglines.com
2517131988,X5 M,bankcard,Torry,tmarzelle5d@woothemes.com
7235849266,F150,visa-electron,Roderic,rcroser5e@rakuten.co.jp
5557964843,Challenger,maestro,Skylar,spulbrook5f@hibu.com
2074807295,Camaro,mastercard,Garrett,glowdyane5g@cargocollective.com
0885450078,Yukon,jcb,Pace,pwoodburn5h@blinklist.com
6520787302,Achieva,jcb,Zacharia,zconichie5i@businesswire.com
6437985445,TundraMax,china-unionpay,Rudie,rkeenan5j@fema.gov
5331494633,Panamera,jcb,Guthry,ggirardini5k@blogspot.com
6107205748,Previa,maestro,Jakob,jcoldbath5l@free.fr
2531911324,Monte Carlo,visa,Vassily,vbroker5m@1und1.de
1718957149,Century,diners-club-enroute,Stu,sbrobyn5n@csmonitor.com
7964152289,FJ Cruiser,jcb,Sullivan,struin5o@ocn.ne.jp
2202230556,Town Car,jcb,Josh,jturle5p@hud.gov
6767698172,M-Class,diners-club-carte-blanche,Roddy,rcleyburn5q@independent.co.uk
0463767179,D250 Club,china-unionpay,Mathias,mdefrancisci5r@google.es
5109182434,Explorer,jcb,Gar,gleaman5s@themeforest.net
8833342530,XJ,jcb,Jonas,jguttridge5t@ovh.net
4048960490,Justy,jcb,Vachel,vvalenta5u@youku.com
3157225448,Firebird,switch,Dillon,dpillman5v@free.fr
0275725472,Patriot,jcb,Vassili,vlohrensen5w@mashable.com
4302615850,IS F,diners-club-enroute,Lester,ltybalt5x@biblegateway.com
5905075514,Caprice Classic,americanexpress,Maje,mcoltart5y@webeden.co.uk
1945220163,Passat,diners-club-carte-blanche,Red,rdyers5z@youtube.com
0789520346,Celica,jcb,Vachel,vblundel60@google.ru
6812526959,88,diners-club-enroute,Dieter,dcathcart61@globo.com
2527448534,Rodeo,jcb,Vidovic,vashborn62@ed.gov
0757770290,Diamante,mastercard,Brian,bgoade63@admin.ch
1832967522,Highlander,switch,Erny,eclynmans64@narod.ru
9771062603,Quattroporte,diners-club-enroute,Mord,mpendlington65@is.gd
3204617750,Lumina,jcb,Nev,nshea66@unicef.org
3029504891,Express 2500,mastercard,Tris,tshakeshaft67@telegraph.co.uk
5432080796,Mirage,diners-club-enroute,Maximo,mjorgensen68@rambler.ru
9286703236,MX-5,maestro,Karoly,kwadsworth69@yellowbook.com
7382997987,Q,mastercard,Dill,dgreene6a@hc360.com
0934853029,Vanquish S,jcb,Prentiss,pcassin6b@hexun.com
6341477279,Impreza,americanexpress,Yvor,ybrach6c@163.com
7342082449,Jetta,diners-club-carte-blanche,Tyler,tmanach6d@miitbeian.gov.cn
4074843935,Maxima,visa-electron,Jesse,jbraban6e@wufoo.com
3699028445,Fox,maestro,Orin,omcdonnell6f@mail.ru
0617764751,Viper,diners-club-enroute,Nickolas,nmcairt6g@edublogs.org
1864445173,Sebring,diners-club-carte-blanche,Base,bhritzko6h@acquirethisname.com
6868583362,RAV4,mastercard,Toddy,tfidell6i@mashable.com
7997875891,626,jcb,Garvey,gsommerlin6j@reverbnation.com
1707760977,Explorer Sport Trac,switch,Ferrell,fjailler6k@tripadvisor.com
0144650258,Mustang,maestro,Hussein,hmorrish6l@devhub.com
6629938038,LeMans,jcb,Sanford,sdyer6m@umich.edu
4100838395,Rio,maestro,Dougy,dblackman6n@nyu.edu
7264171302,Bonneville,switch,Rem,rwurz6o@addtoany.com
0318261782,Routan,mastercard,Stirling,sbeadel6p@nbcnews.com
3519706865,Titan,china-unionpay,Salvatore,sshevell6q@hud.gov
7860450143,911,switch,Danya,dpincked6r@networksolutions.com
7082240112,XG350,jcb,Obidiah,opeever6s@cyberchimps.com
0779941942,E-Class,jcb,Patin,pclemens6t@squidoo.com
0960534822,Beretta,mastercard,Stirling,slawlance6u@is.gd
8427798881,Continental,jcb,Homerus,hhitzschke6v@cbsnews.com
3318793183,RX-8,jcb,Maurie,mhakonsson6w@who.int
5494789128,Blazer,jcb,Any,afarfoot6x@abc.net.au
4287224213,Yukon,mastercard,Bink,branfield6y@reverbnation.com
1829199722,6 Series,jcb,Juan,jgager6z@taobao.com
1887379347,MR2,diners-club-carte-blanche,Lester,lleal70@gnu.org
1981647570,E-Class,visa-electron,Devlen,dwycliffe71@unesco.org
2280057204,Miata MX-5,visa-electron,Kimball,kbernardos72@craigslist.org
6197923882,SLS-Class,jcb,Sly,seslemont73@aboutads.info
4069243291,Millenia,china-unionpay,Noe,nmacgaughy74@phpbb.com
2463794461,Elantra,diners-club-enroute,Allyn,ahowells75@chron.com
2498678220,Yukon XL 1500,visa-electron,Selig,silsley76@gov.uk
8153154540,Sierra 3500,jcb,Arlan,abeecker77@webmd.com
5486389426,Sierra 2500HD,china-unionpay,Evelyn,eglasper78@ted.com
5700361361,Brat,jcb,Whitaker,wcallis79@tamu.edu
6428893304,Montana,visa-electron,Findley,fmumbey7a@msn.com
8228092431,Galant,instapayment,Saundra,skillock7b@angelfire.com
4947808195,Eclipse,mastercard,Briano,bgreason7c@rakuten.co.jp
9127210642,1 Series,jcb,Cart,ckighly7d@elpais.com
4308680883,Mustang,jcb,Jarrod,jmaund7e@trellian.com
6532713058,Grand Cherokee,americanexpress,Saxe,ssloane7f@ocn.ne.jp
7574253528,Frontier,jcb,Artemas,amintrim7g@tuttocitta.it
5351041766,Mariner,diners-club-international,Todd,tdulany7h@google.fr
4326609931,Truck,mastercard,Vance,vedelheid7i@lulu.com
3947357583,TL,instapayment,Irv,ihorney7j@telegraph.co.uk
6143539693,SL-Class,laser,Waylin,wbadgers7k@senate.gov
6569656414,Mazda2,jcb,Demetris,ddeek7l@comcast.net
0608562688,Discovery,jcb,Joseito,jscudder7m@noaa.gov
4105513389,Ranger,maestro,Finn,filymanov7n@wordpress.org
4370175976,Vandura 1500,mastercard,Edd,egrigoroni7o@soundcloud.com
2451745126,Talon,diners-club-enroute,Cos,cteaz7p@usgs.gov
3796774962,IS,mastercard,Benjy,bwhether7q@pagesperso-orange.fr
7511836208,Justy,visa-electron,Patsy,pmunslow7r@icq.com
1157123201,SC,switch,Shea,scellier7s@typepad.com
9742957010,Ranger,jcb,Gilbert,gnoyes7t@parallels.com
2654479226,Cooper,visa-electron,Hamlin,hranklin7u@yellowpages.com
4175347739,745,jcb,Currey,cbartoshevich7v@si.edu
4976594416,Amanti,jcb,Clemmie,cobeney7w@chronoengine.com
2714683533,MX-5,jcb,Dalli,dcathel7x@bloglovin.com
6158217573,Monte Carlo,jcb,Powell,psmuth7y@wsj.com
7301958137,QX,mastercard,Putnem,pwitherdon7z@java.com
3643438826,EX,switch,Fleming,fjiggle80@weebly.com
7719723031,F250,jcb,Fulton,fdorro81@usatoday.com
7004893529,Accord,mastercard,Eugenius,esisneros82@usgs.gov
6817739195,Cherokee,mastercard,Westbrooke,wheathcote83@hexun.com
7711119623,Exige,jcb,Holly,hfeld84@thetimes.co.uk
7947099677,Yaris,americanexpress,Richy,rboarer85@gizmodo.com
3979429695,Tahoe,china-unionpay,Kerby,kgodding86@unblog.fr
1119776929,928,jcb,Avigdor,arebillard87@berkeley.edu
5779436428,Esprit Turbo,jcb,Calv,ckiellor88@infoseek.co.jp
2206955571,Sonata,jcb,Paton,pferrillo89@nhs.uk
2607615984,Quest,maestro,Alano,aabramchik8a@hibu.com
9828776359,J,jcb,Neal,nroswarne8b@jiathis.com
8258208764,X6,diners-club-international,Karoly,kchesser8c@cnn.com
8922813385,Mustang,jcb,Ernesto,elegon8d@un.org
2619955394,Highlander,mastercard,Sherlock,smarnane8e@umn.edu
8147195710,RX-7,jcb,Bayard,bvader8f@state.tx.us
9113033026,Odyssey,diners-club-carte-blanche,Thibaud,tlafee8g@omniture.com
2689443317,Skylark,maestro,Hartwell,hprimett8h@narod.ru
2615486861,Tiburon,diners-club-carte-blanche,Felicio,fpherps8i@flavors.me
3588361413,Cooper Countryman,diners-club-enroute,Peder,pvasilischev8j@angelfire.com
4439043461,Outback,bankcard,Antony,awalkley8k@buzzfeed.com
3871031259,Silverado 1500,visa-electron,Beck,bwestnedge8l@fda.gov
8281494611,Sedona,jcb,Hamlin,htabour8m@addthis.com
9284930707,Millenia,visa-electron,Whitaker,wjensen8n@is.gd
9484166040,Continental,jcb,Jehu,jalvarado8o@booking.com
6264633232,Impala,jcb,Wilfrid,wbettington8p@cnn.com
8686457770,TrailBlazer,jcb,Buckie,bloughren8q@meetup.com
1627694595,Town Car,jcb,Jeromy,jgrinyer8r@sphinn.com
5978539065,Space,jcb,Lee,lbrenard8s@timesonline.co.uk
9733256447,Brooklands,jcb,Baxter,bings8t@e-recht24.de
1520092083,Lancer Evolution,mastercard,Isac,isowrah8u@icio.us
2720782092,MX-3,jcb,Dana,dcrayker8v@biglobe.ne.jp
1472226372,Grand Vitara,bankcard,Arnuad,aflexman8w@prweb.com
4342762536,Prelude,laser,Markus,mlabusch8x@auda.org.au
0356202321,Cutlass Supreme,diners-club-enroute,Levin,lwallice8y@cnn.com
5275345518,Quest,solo,Artemis,acastanie8z@google.ru
5821526450,Ram 1500,jcb,Marc,mdullingham90@ihg.com
1935555553,Jetta,jcb,Loy,lgeeson91@1688.com
3134764202,Element,mastercard,Brendis,bmacterlagh92@soup.io
3066075567,LS,jcb,Werner,wsexti93@hostgator.com
0280419643,E350,jcb,Filberte,fbeldon94@pbs.org
1733173854,LS,maestro,Ruben,rextall95@slashdot.org
5694633776,Beretta,bankcard,Urbano,ulackemann96@cyberchimps.com
9126595672,Esprit,jcb,Sutherland,spealing97@gravatar.com
2115650565,Cavalier,mastercard,Cull,cthompsett98@nasa.gov
1786323184,Thunderbird,china-unionpay,Angelico,ajanus99@chicagotribune.com
9532582738,Riviera,jcb,Mortie,mshackel9a@abc.net.au
8313892757,Diamante,diners-club-enroute,Corbie,craggatt9b@aboutads.info
6122889555,Vandura 2500,maestro,Kendal,kpasfield9c@nifty.com
3639919963,Explorer Sport Trac,jcb,Irwin,iwensley9d@ameblo.jp
1638455864,Lumina,visa,Karoly,kstanes9e@cmu.edu
3085905014,Esteem,switch,Constantine,ccinavas9f@google.it
6449073756,Scirocco,mastercard,Layton,loutibridge9g@twitpic.com
2158037210,Transit Connect,jcb,Thane,tbetterton9h@fastcompany.com
9719504056,Contour,jcb,Isadore,icrandon9i@bizjournals.com
0175540330,XK Series,instapayment,Travis,ttynewell9j@xing.com
1877804150,Aspire,visa,Heinrick,hkoop9k@soup.io
1565938674,S80,jcb,Shelby,scooch9l@wikispaces.com
4148601891,S-Series,diners-club-carte-blanche,Giorgio,grainy9m@newyorker.com
3814321707,C30,jcb,Rafael,rjerrand9n@yahoo.com
2989086560,SLK-Class,jcb,Boris,bduffit9o@aboutads.info
0565518615,F250,diners-club-us-ca,Bart,bhoutby9p@google.pl
5551517713,C-Class,jcb,Ford,fbernhart9q@ocn.ne.jp
2970482517,Express 3500,jcb,Agosto,anicely9r@hexun.com
9185257001,Fairlane,solo,Abel,atesauro9s@wunderground.com
8081031766,Golf,americanexpress,Pembroke,pcollumbell9t@bloglines.com
0983945918,Marauder,visa,Berkeley,bcarwardine9u@sourceforge.net
6533993763,Lumina APV,jcb,Arni,adewi9v@seattletimes.com
2234144477,6 Series,mastercard,Xymenes,xjosey9w@eventbrite.com
5389942485,Town & Country,switch,Ximenez,xstuttman9x@theguardian.com
5568821321,Charger,diners-club-enroute,Carl,ctunnock9y@google.fr
0005492475,Forte,bankcard,Rutledge,rmarvel9z@google.de
7511938434,Grand Prix,americanexpress,Sigmund,sswainsburya0@census.gov
0912424907,Colorado,diners-club-carte-blanche,Enos,espinksa1@altervista.org
6015360690,Sportage,diners-club-enroute,Gan,ggillhama2@bandcamp.com
1270238868,Caravan,visa-electron,Aldrich,abethama3@cpanel.net
0892869593,F250,jcb,Micheal,mdanhera4@github.io
6217741091,Sequoia,maestro,Kenny,knorvala5@ehow.com
0453042554,Stratus,mastercard,Yance,yoreta6@1688.com
4124422172,V8 Vantage S,solo,Jabez,jrudalla7@storify.com
3671552603,E350,jcb,Alisander,aviberta8@tumblr.com
5011982254,Galant,jcb,Worthy,wspaduccia9@desdev.cn
0713159715,Probe,mastercard,Lyman,lzuppaaa@canalblog.com
8276715745,CX-9,switch,Kristoffer,kbernotab@gmpg.org
5883869726,Bronco II,jcb,Vic,varnleyac@intel.com
7419139156,Town Car,jcb,Zebedee,zpettwoodad@mayoclinic.com
2703323115,Bronco,americanexpress,Weider,wmacvicarae@soundcloud.com
6920335875,Sonata,maestro,Jan,jlatchaf@marketwatch.com
8609450813,Ram 2500,mastercard,Geri,gberriballag@state.tx.us
1158892055,Econoline E250,jcb,Coop,cpatleyah@comcast.net
6515956525,F150,visa,Hoebart,hgeydonai@timesonline.co.uk
6174776794,Trans Sport,jcb,Ram,rpendreighaj@ucsd.edu
0903994151,Diamante,jcb,Russ,rmarshlandak@umich.edu
6497814590,LeSabre,jcb,Camey,cscargleal@a8.net
7973411348,Taurus,americanexpress,Karim,krogerotam@google.com.hk
3991777843,New Yorker,jcb,Tomaso,thalfordan@gravatar.com
0622608657,Scirocco,jcb,Keefer,kbenechao@1und1.de
9650829717,Camry,jcb,Niven,nantonucciap@scientificamerican.com
1815300140,C-MAX Hybrid,jcb,Seumas,ssatterfittaq@tinyurl.com
7586862230,Express 2500,bankcard,Lonnard,lnoddingsar@squidoo.com
4244313095,XLR,china-unionpay,Stavros,sdrewesas@clickbank.net
5252506957,Esprit,bankcard,Jacques,jshreenanat@huffingtonpost.com
3053992299,SLK-Class,visa-electron,Demetri,daldissau@yale.edu
6806196284,X5,jcb,Kristofor,kmacfarlandav@mtv.com
6657477066,Corvette,bankcard,Ronny,rarboineaw@cafepress.com
0784640602,DeVille,mastercard,Mohandis,mbellhangerax@google.com.br
5491690910,Avalon,americanexpress,Ario,akigelmanay@ow.ly
3505756652,ES,jcb,Clement,cnordassaz@gmpg.org
1038636086,Yukon,maestro,Evan,egumlyb0@360.cn
9899848808,R-Class,jcb,Stacee,scritchlowb1@wsj.com
8830117374,Canyon,mastercard,Neville,ngoldneyb2@skyrock.com
9932940577,QX,diners-club-us-ca,Shurlocke,sfarrandb3@domainmarket.com
0482965037,Freelander,mastercard,Avrom,acahernyb4@examiner.com
1653084936,Cooper,visa,Cort,cdoubravab5@163.com
5961793974,Clubman,diners-club-enroute,Cirillo,cshipcottb6@purevolume.com
8750044435,Camry,jcb,Munroe,mnathonb7@dion.ne.jp
3685353292,Malibu,jcb,Tabby,tvangeffenb8@about.me
7039167743,850,mastercard,Ferris,fmacgillespieb9@chicagotribune.com
7613907198,S8,diners-club-enroute,Ely,eprujeanba@dropbox.com
6965413352,E350,china-unionpay,Reinwald,rbrowsebb@soundcloud.com
9294555933,Leaf,visa-electron,Weston,whollindalebc@nba.com
7053898067,Frontier,visa-electron,Berton,babelevitzbd@desdev.cn
8410789108,CL-Class,jcb,Hewet,hnuzzibe@comsenz.com
4284000225,5000S,bankcard,Gamaliel,gtillerbf@nba.com
6808920362,Seville,maestro,Mohandas,mravelusbg@live.com
0892429496,Beetle,maestro,Horatio,hferbrachebh@moonfruit.com
3834015598,300SL,jcb,Ludovico,ldorrianbi@theguardian.com
4974961578,Dakota,diners-club-us-ca,Filberto,flaightbj@forbes.com
8536305878,Wrangler,instapayment,Rowland,rliddellbk@army.mil
9616375733,GX,jcb,Harrison,hcorbittbl@ca.gov
0391070134,Prius c,maestro,Aldwin,astofflerbm@google.pl
5295060101,Tiburon,jcb,Hoyt,hbamfordbn@t-online.de
7799909382,S40,china-unionpay,Bendick,bscardbo@umich.edu
3015367374,FF,americanexpress,Marius,mshoresonbp@ovh.net
8016305245,Civic Si,diners-club-carte-blanche,Dexter,dandrellibq@canalblog.com
1982820500,Pathfinder,jcb,Brooks,beyebr@imdb.com
4028120969,Navigator L,jcb,Obie,oelvinbs@desdev.cn
3950090630,2e,maestro,Sol,syakubowiczbt@ycombinator.com
5051551513,Civic,jcb,Axel,agiamittibu@theatlantic.com
1061356523,Camry,visa-electron,Gayle,gjeppensenbv@adobe.com
9689444913,Ranger,jcb,Pietrek,pvanybw@istockphoto.com
1086475755,Camaro,jcb,Pascale,pgergoletbx@behance.net
1415918783,4000s Quattro,americanexpress,Radcliffe,rjammesby@youtube.com
1863869654,Outlander,maestro,Adolf,asandbatchbz@multiply.com
0457928727,525,jcb,Forester,fclokec0@cdbaby.com
3014624829,Land Cruiser,switch,Brent,bmcquakerc1@furl.net
5068396265,QX,mastercard,Eduino,eklimowskic2@sogou.com
5467296329,Passat,jcb,Rodrigo,rrhubottomc3@house.gov
3484092912,Fiesta,switch,Gan,glangworthyc4@1688.com
2096621984,xD,jcb,Theodoric,tmackeaguec5@vk.com
6417802914,Crown Victoria,diners-club-enroute,Vincent,vgwalterc6@webmd.com
7417157122,SC,instapayment,Vladamir,vhullotc7@prnewswire.com
6617736532,Mustang,americanexpress,Felizio,fpevrealc8@blog.com
3114320600,Celica,jcb,Pall,prapoc9@independent.co.uk
2898780030,Blackwood,visa-electron,Alister,atoweca@ted.com
5888988596,Stratus,jcb,Vail,vbonteincb@scribd.com
3500636349,Frontier,diners-club-enroute,Aluin,apavlenkovcc@usa.gov
9009656063,LS,switch,Kimball,kcappcd@com.com
0901507253,Mustang,mastercard,Chancey,csacklerce@blogs.com
8122892973,Skyhawk,jcb,Clint,cjorgesencf@usatoday.com
0875032257,Accent,americanexpress,Morley,mabberleycg@pbs.org
5066927522,Defender 110,switch,Maynord,mwoolmingtonch@edublogs.org
2230608541,Town & Country,jcb,Antin,aantoniatci@wufoo.com
9442922335,Outlook,visa-electron,Kelley,kclaptoncj@webnode.com
5184604197,Golf,jcb,Wesley,wbrancack@comcast.net
8383670346,Continental Flying Spur,jcb,Emerson,etommasuzzicl@fastcompany.com
4673274180,iQ,mastercard,Ingamar,ibaptiecm@utexas.edu
2827129752,Rio,jcb,Torrey,tsatterlycn@csmonitor.com
1838937951,W201,jcb,Wadsworth,weasthopeco@t-online.de
1064191193,XC90,jcb,Jacques,jdeanscp@techcrunch.com
8483790491,Continental Flying Spur,jcb,Saxon,sfleggcq@arstechnica.com
3853690084,A8,jcb,Normy,nsharpleycr@ehow.com
4911801905,Solara,diners-club-enroute,Gustav,glukascs@yolasite.com
5242280131,X-Type,switch,Boniface,bbachect@deliciousdays.com
4776860058,Savana 3500,jcb,Garry,gakeherstcu@edublogs.org
2009853016,9000,jcb,Corbet,ccyplescv@alexa.com
2056173719,929,diners-club-carte-blanche,Worden,wgrumellcw@is.gd
1704601185,SC,jcb,Ronnie,ranthescx@blinklist.com
5404048476,Malibu,jcb,Archie,aarmincy@omniture.com
5332979940,Murciélago,diners-club-enroute,Avrom,ayvescz@nydailynews.com
6008067363,7 Series,jcb,Tripp,tgroobyd0@blinklist.com
7105733446,riolet,maestro,Antonino,abugbeed1@eepurl.com
0904624773,Space,mastercard,Addie,abecarrad2@ca.gov
8361035451,Echo,maestro,Isadore,ihatherilld3@apache.org
3197726707,NSX,americanexpress,Teodor,tfanthomd4@weather.com
8927089111,Mustang,jcb,Delainey,dneisingd5@craigslist.org
3316244913,Hombre Space,jcb,Solomon,sheisd6@ow.ly
4214638808,5000S,jcb,Alfredo,adeported7@vkontakte.ru
5757903279,Park Avenue,maestro,Gerek,gcominsd8@lulu.com
4691702954,9-5,visa,Javier,jgilchrestd9@tuttocitta.it
7187919557,Pathfinder,visa,Hazel,hissacovda@odnoklassniki.ru
0022266372,SLK-Class,solo,Nicola,nsimonuttidb@independent.co.uk
3285410019,Rodeo,jcb,Ange,agauntleydc@quantcast.com
2881918042,Venture,bankcard,Kermit,kginodd@lycos.com
1320128092,Boxster,laser,Herc,hantoniakde@dmoz.org
7760324987,Starion,maestro,Faulkner,fbonifaziodf@booking.com
2233481836,Passat,jcb,Denney,dversondg@buzzfeed.com
4964578879,Malibu,jcb,Reagen,rkarlssondh@webnode.com
5154603281,Golf,diners-club-carte-blanche,Merle,mlunbechdi@homestead.com
5556037159,LeSabre,jcb,Tobiah,tdellerdj@digg.com
1776517989,V70,visa-electron,Wilek,wcapperdk@github.io
5655987090,Passport,jcb,Davide,djocicdl@sciencedaily.com
6151058267,RL,mastercard,Lawry,lhuffadm@spiegel.de
9482291751,Pajero,instapayment,Farris,fbaterdn@cam.ac.uk
0742162788,Savana 3500,jcb,Ase,agrishenkovdo@google.es
2874090573,RX-7,jcb,Jakob,jmashdp@narod.ru
6808329354,GTO,mastercard,Ugo,ulimondq@addthis.com
9502899717,Dakota,diners-club-carte-blanche,Gunter,glindwalldr@cdc.gov
9340567013,Thunderbird,visa-electron,Donavon,dmccannyds@thetimes.co.uk
0231160801,Crossfire,jcb,Raymund,rjoberndt@domainmarket.com
6988305599,X3,visa-electron,Tulley,tirvindu@jiathis.com
7076402009,Envoy,maestro,Simon,sburdikindv@accuweather.com
2688263145,Savana 2500,mastercard,Wolfgang,webbettsdw@booking.com
7171612570,Passat,jcb,Meredeth,mcowopedx@si.edu
0148447767,Precis,jcb,Roland,rverlindedy@altervista.org
3781552519,Mazda5,jcb,Lyman,lwedderburndz@blinklist.com
5405057649,Escort,china-unionpay,Ethelred,eyashine0@auda.org.au
8719232810,Expedition,laser,Ezekiel,egiannottie1@behance.net
5218492213,RX-7,laser,Alva,alelande2@ox.ac.uk
8140185248,XK,jcb,Jacques,jcorneljese3@vk.com
4983249818,Grand Caravan,diners-club-enroute,Aldon,atochere4@uiuc.edu
5092395664,Riviera,jcb,Giovanni,gstubbingtone5@liveinternet.ru
6654794656,612 Scaglietti,jcb,Dalli,dvintere6@irs.gov
0529625245,Sorento,mastercard,Nevile,nfreiree7@vkontakte.ru
8380863763,Rainier,americanexpress,Sollie,sstapellse8@cloudflare.com
7852399703,V70,instapayment,Dewain,dmealiffee9@digg.com
3883354503,M5,jcb,Giacobo,gdraudeea@ifeng.com
0989843890,Seville,mastercard,Thedric,theddyeb@shinystat.com
8372862508,Taurus,diners-club-carte-blanche,Kristofer,kjecockec@slideshare.net
1329603729,Skylark,mastercard,Adolphus,afitzgeralded@comsenz.com
5651346120,Voyager,diners-club-international,Sayres,seldershawee@hugedomains.com
5057972995,Swift,laser,Claus,crunniclesef@csmonitor.com
2013377169,Versa,visa-electron,See,sheaysmaneg@hostgator.com
9094545101,5 Series,diners-club-international,Damian,ddacostaeh@nih.gov
6222859291,Avalanche,mastercard,Irvin,iwifflerei@joomla.org
9933964062,Intrepid,jcb,Chrisse,ctuneej@com.com
7494753060,Malibu,diners-club-enroute,Torrence,tsuddickek@pbs.org
5365877233,Explorer,diners-club-carte-blanche,Humfried,hvanoortel@smh.com.au
8731266312,W123,china-unionpay,Darrick,dfiguraem@utexas.edu
1502666340,760,jcb,Rollo,rwilmoreen@histats.com
3643401191,E-Class,jcb,Adolphus,aciementinieo@latimes.com
4752583925,Grand Cherokee,americanexpress,Nathanael,nyousefep@php.net
5547503789,Five Hundred,americanexpress,Lew,lclayfieldeq@mapy.cz
8319134765,CLK-Class,mastercard,Brand,bbroughtoner@blinklist.com
4514159255,Echo,jcb,Maxim,mfirmageres@mysql.com
6029150960,XF,diners-club-enroute,Alvis,agoodliffet@facebook.com
6383157248,Altima,jcb,Meyer,mmockfordeu@jiathis.com
4806357898,Silverado 1500,diners-club-enroute,Keir,kochterlonieev@behance.net
3955857727,Flex,bankcard,Pablo,pclarkinew@over-blog.com
6412975047,599 GTB Fiorano,jcb,Thorn,tsmuthex@paginegialle.it
0466521294,CT,jcb,Robby,rleatheey@wikia.com
6675388479,SL-Class,jcb,Igor,istainfieldez@histats.com
8919011117,600,mastercard,Mac,myakuninf0@shareasale.com
9996773515,Express 2500,jcb,Lou,learleyf1@google.de
7692542368,Firebird Trans Am,laser,Hercules,hmacvicarf2@patch.com
3437358790,Legacy,jcb,Cary,csireyf3@noaa.gov
1290493383,FF,jcb,Brigg,btedderf4@icq.com
4842367504,Canyon,jcb,Ashbey,abarkef5@networkadvertising.org
1396819088,Gallardo,mastercard,Sanford,ssimnettf6@shutterfly.com
0029785316,Mazda3,visa,Silvester,sruselinf7@gizmodo.com
1418641480,Regal,maestro,Rusty,rmatysiakf8@acquirethisname.com
7377431466,Grand Caravan,switch,Thain,tcushf9@biglobe.ne.jp
4680964847,Tacoma,bankcard,Giffard,gcrixfa@kickstarter.com
0379640988,Solara,visa-electron,Tyrone,twadmanfb@fastcompany.com
8485339142,Ram Van 3500,jcb,Park,pwasielewiczfc@comcast.net
0563945516,Grand Prix,jcb,Nikolas,nclinchfd@vistaprint.com
4877041060,C-Class,jcb,Laurent,lnoteyoungfe@yandex.ru
1323515755,E-Class,bankcard,Koenraad,ksympsonff@mac.com
5177217035,DTS,maestro,Reginauld,rbrowningfg@amazonaws.com
9201965133,GTO,americanexpress,Milty,mcodmanfh@mtv.com
0647854120,Avalanche 2500,mastercard,Darbee,dfluinfi@ask.com
6422610041,Allroad,mastercard,Urson,ubeardwoodfj@51.la
7209696199,Sprinter,jcb,Benedict,bmcgonigalfk@hexun.com
3720064409,RX-7,maestro,Onofredo,osnapefl@biglobe.ne.jp
3656960909,Cayenne,mastercard,Torre,tjohanningfm@woothemes.com
1305186508,R8,jcb,Hieronymus,hpielfn@engadget.com
3092036581,Rapide,china-unionpay,Hillery,hchadburnfo@woothemes.com
4662864291,STS,diners-club-us-ca,Tades,tcradocfp@phoca.cz
6108453672,2500,mastercard,Alick,ainworthfq@alibaba.com
9231551868,CR-V,visa,Harlan,hmerrigansfr@canalblog.com
1396829946,Caprice Classic,jcb,Chance,cwavishfs@irs.gov
5339577155,A6,mastercard,Binky,bbrackstoneft@blogtalkradio.com
2397843382,XK,maestro,Samuele,shaselwoodfu@joomla.org
1688605134,MDX,jcb,Odie,ojancarfv@rambler.ru
2290155136,Mirage,jcb,Sheff,sbulgerfw@google.com.hk
9269905888,W123,china-unionpay,Tod,tkaasfx@smugmug.com
0661067157,9000,jcb,Thane,tbuttreyfy@hao123.com
0858975874,B-Series,visa-electron,Richie,rlowbridgefz@livejournal.com
4276203597,940,jcb,Ingelbert,ihughsong0@abc.net.au
7560964567,Regal,switch,Gregoire,gguittong1@weather.com
2986467458,E250,mastercard,Abel,amoncarrg2@scribd.com
0339136219,A4,solo,Fonzie,fdoeg3@who.int
8551323202,545,jcb,Yorker,ybockmang4@tuttocitta.it
3529079154,Clubman,jcb,Corey,cfarnhamg5@phoca.cz
5807108558,CR-Z,jcb,Gayler,gmerang6@tiny.cc
3570699757,Sable,switch,Sigmund,svanceg7@unblog.fr
1769856463,Eclipse,china-unionpay,Lorry,lmerigotg8@addtoany.com
5174401382,Eclipse,maestro,Quincey,qmarriong9@columbia.edu
9833383564,M,switch,Truman,tfallenga@liveinternet.ru
1908824662,MX-6,jcb,Gregorius,gjothamgb@amazonaws.com
4644472387,Thunderbird,jcb,Bentlee,bmcvittiegc@lulu.com
1291236147,Silhouette,jcb,Frank,ffurleygd@1688.com
5016701563,RVR,laser,Dominik,dhaglintonge@biglobe.ne.jp
5572412384,Prizm,diners-club-carte-blanche,Mikol,mpollgf@nyu.edu
5736745410,928,jcb,Damiano,dhamiltongg@photobucket.com
5645024168,Mustang,maestro,Ellary,ejoslowgh@chron.com
0344021580,E150,visa,Branden,bnorthcotegi@jigsy.com
9165031571,rio,jcb,Jody,joteaguegj@forbes.com
5633020731,MR2,jcb,Tracie,tcranmorgk@nsw.gov.au
9633960967,C70,switch,Bryant,bfiermangl@amazon.co.uk
2795684357,Mustang,jcb,Neill,nkehirgm@naver.com
9623476523,Xtra,jcb,Demetrius,dpymmgn@simplemachines.org
3647652636,Sierra 1500,china-unionpay,Augie,ameneurgo@quantcast.com
4485615480,Liberty,jcb,Amble,arubinsohngp@behance.net
7876726151,Taurus,jcb,Lindsay,lablesongq@independent.co.uk
4919174306,F350,jcb,Jerrold,jronchkagr@elegantthemes.com
4934615490,Challenger,maestro,Eugenius,eknipegs@multiply.com
4492587950,Sportvan G10,laser,Murvyn,mmacgraghgt@usatoday.com
5627000406,Golf,jcb,Gauthier,gwellingtongu@prnewswire.com
8896466539,Sunfire,mastercard,Johny,jprevettgv@answers.com
4670609998,Carens,jcb,Westleigh,wwinsladegw@twitpic.com
8079758409,Topaz,jcb,Guss,gelflaingx@paginegialle.it
2540709133,Escalade ESV,jcb,Carroll,cphalpgy@technorati.com
3749841284,C/V,mastercard,Germayne,gjansensgz@japanpost.jp
1270841211,960,jcb,Killy,kprozilloh0@amazon.co.jp
2974340792,Camry,jcb,Trevar,tclawsleyh1@bizjournals.com
5452117113,Lancer,jcb,Clarke,cstollerh2@answers.com
6045957997,Riviera,bankcard,Vassili,vmegsonh3@naver.com
1264882556,Continental,jcb,Demetris,dpedlarh4@surveymonkey.com
8920642214,Seville,switch,Pembroke,pbadcockh5@cargocollective.com
2526537509,Sunfire,jcb,Tedmund,tdevereuxh6@webs.com
1047345838,Flex,visa,Dirk,dcamberh7@microsoft.com
8428266174,Milan,diners-club-carte-blanche,Claiborn,chardestyh8@nih.gov
7384800609,Aviator,mastercard,Galvin,galdinsh9@surveymonkey.com
7899601754,Express 2500,jcb,Willdon,wleechmanha@cmu.edu
2063236801,Quest,maestro,Nathanael,namangerhb@hexun.com
2738305334,Grand Cherokee,jcb,Frederic,fglyssannehc@yahoo.co.jp
2157243100,Esteem,jcb,Kareem,kbeddoeshd@cdbaby.com
3420890591,LS,china-unionpay,Salmon,smarahe@ocn.ne.jp
9102563746,Aurora,laser,Jess,jstronghillhf@youtube.com
0983705798,SJ,china-unionpay,Antons,abeadonhg@thetimes.co.uk
8405908307,911,americanexpress,Justinian,jbaldwinhh@loc.gov
7838966531,Focus,diners-club-us-ca,Kelby,kkamallhi@wired.com
0578452391,STS-V,jcb,Jareb,jgaitunghj@jiathis.com
2809679878,Crossfire Roadster,jcb,Orlan,ohiornhk@cam.ac.uk
5997908925,Navigator,americanexpress,Karney,kboseleyhl@themeforest.net
9021971151,6 Series,americanexpress,Millard,meldershawhm@bluehost.com
3225776599,Spirit,diners-club-carte-blanche,Clayborn,ckrinkhn@squidoo.com
0576853666,LX,mastercard,Denney,ddanielianho@live.com
5417283541,Accord,jcb,Logan,lbakehp@surveymonkey.com
2735351580,Express,mastercard,Pavlov,pkettridgehq@economist.com
7414652270,DeVille,bankcard,Gordon,gbladgehr@intel.com
7136388430,Viper,jcb,Ham,hjaqueths@wufoo.com
4249739988,Venza,diners-club-enroute,Alick,anatonht@privacy.gov.au
7216344758,H3,jcb,Lowell,lblackmorehu@surveymonkey.com
2811118748,B-Series,jcb,Ossie,otymhv@dyndns.org
0519595963,XG350,jcb,Ellery,etrumanhw@discovery.com
2009937708,612 Scaglietti,mastercard,Palm,paickinhx@examiner.com
0769948464,MGB,diners-club-enroute,Stephen,sdartonhy@wikia.com
9322149604,Jimmy,visa-electron,Stephan,sohannenhz@mit.edu
3859043447,SC,diners-club-enroute,Josiah,jlobliei0@blogspot.com
9291777471,Bronco,jcb,Reese,rcoweuppei1@sogou.com
5958597744,Ion,visa-electron,Prinz,pmastermani2@wikimedia.org
6317315930,100,jcb,Ansel,agisbornei3@google.co.uk
4711875875,7 Series,solo,Gabbie,gkerfooti4@is.gd
1160648824,Spyder,jcb,Henrik,hlawrencei5@abc.net.au
3159850609,760,jcb,Obadias,ogadsdoni6@intel.com
0306325195,H1,jcb,Allin,adumbrelli7@marriott.com
1724319809,Escalade EXT,jcb,Henri,hcrewesi8@trellian.com
3358336824,Grand Am,jcb,Alec,akerbyi9@creativecommons.org
7130096314,Elise,jcb,Emmet,ewarrenderia@tuttocitta.it
8442462287,88,mastercard,Orton,oburkittib@pbs.org
0970494173,Vision,china-unionpay,Jareb,jmunganic@deviantart.com
0377734608,Sonata,jcb,Timothy,trobardleyid@newsvine.com
6823665246,Z4,switch,Grenville,gfarrynie@spotify.com
9625643559,Torino,jcb,Barnaby,btrollopeif@taobao.com
6806216250,M3,visa-electron,Guilbert,ggianninottiig@wunderground.com
7155092908,GT350,jcb,Kris,krelphih@mtv.com
7157771969,1500 Club Coupe,jcb,Orbadiah,okalinskyii@businessinsider.com
1381256554,Continental,jcb,Saundra,ssmeeij@icq.com
2899606166,Sequoia,jcb,Kermie,knasebyik@vk.com
3994055571,Passat,jcb,Feodor,fmaciakil@omniture.com
1530671779,Grand Am,jcb,Stefan,sveldenim@odnoklassniki.ru
1370476515,Envoy XL,jcb,Quinton,qandererin@census.gov
5286519083,G37,jcb,Rudolph,rglabachio@angelfire.com
6241116622,Civic,jcb,Gregoor,gclowserip@virginia.edu
0307940454,Familia,americanexpress,Lance,lmarrianiq@oaic.gov.au
2258189594,Sportage,jcb,Hilly,hgremainir@squidoo.com
3328947949,Pacifica,switch,Worthington,wjuschkeis@github.com
4069243917,Cobalt,jcb,Carr,cskevingtonit@state.tx.us
8592140617,Mariner,diners-club-us-ca,Pren,pscarffiu@miibeian.gov.cn
5709995789,Maxima,switch,Willem,wdoveriv@scribd.com
8658042871,Golf III,laser,Bran,bscothroniw@umich.edu
7132515764,Accord,laser,Kingsly,kbackhouseix@github.io
1948952173,Murciélago,jcb,Arv,asakinsiy@reuters.com
5411814162,7 Series,visa,Reynold,rjowseyiz@example.com
1749318210,A5,maestro,Raoul,rpalffyj0@yolasite.com
2948629357,Matrix,jcb,Rowney,rmccreaghj1@thetimes.co.uk
8341702142,Diablo,diners-club-enroute,Giustino,gfilintsevj2@purevolume.com
6988218009,RL,jcb,Herrick,hmcdaidj3@businessweek.com
1484523016,Esprit,visa,Ryun,rgoozeej4@msn.com
3367329630,Fifth Ave,jcb,Field,fhutleyj5@dion.ne.jp
8627823812,Pilot,diners-club-carte-blanche,Maximilian,mpitonej6@wsj.com
1029674620,Silhouette,maestro,Jereme,jforgiej7@nps.gov
8800286313,Monte Carlo,diners-club-us-ca,Jaime,jbadinij8@soup.io
9033170779,Town Car,diners-club-enroute,Birk,bgleesonj9@simplemachines.org
4969760179,Sable,jcb,Doy,dscynerja@tmall.com
2767596481,Swift,switch,Donn,dboatwrightjb@netscape.com
5201369847,Escort,jcb,Harlan,hchartersjc@cocolog-nifty.com
3517473308,Aztek,instapayment,Clevey,cdenricojd@oracle.com
3211074619,LaCrosse,visa-electron,Wye,wthompkinsje@virginia.edu
3556415798,Sportage,mastercard,Flint,fmildnerjf@tmall.com
1153079186,DTS,diners-club-enroute,Vernon,vanthoinejg@hubpages.com
3250495557,Pathfinder,jcb,Arch,asmoughtonjh@bravesites.com
6229570742,LS,diners-club-carte-blanche,Derrick,dbiddyji@nydailynews.com
1523606096,Sunfire,jcb,Rudolf,ralchinjj@e-recht24.de
1545513074,Quest,diners-club-international,Christie,cwheelerjk@mac.com
6472988757,Ram,americanexpress,Mathe,mesliejl@dagondesign.com
5863422963,Econoline E350,china-unionpay,Mal,mhansenjm@desdev.cn
5213014127,Sorento,mastercard,Robers,rcritchlowjn@stumbleupon.com
9461595107,R-Class,bankcard,Sidney,sadamthwaitejo@mail.ru
0364103175,Prelude,mastercard,Lion,lpavolillojp@theglobeandmail.com
1249636256,Vantage,mastercard,Geordie,gscarfejq@va.gov
1083233084,Sorento,jcb,Billy,bparresjr@ibm.com
3438136589,XG350,jcb,Baily,bkleinjs@aol.com
8274098277,Santa Fe,instapayment,Vaclav,vmcgilvaryjt@amazonaws.com
7627150531,LR2,mastercard,Eb,ecalltoneju@youku.com
5475964521,Amigo,mastercard,Bale,btindlejv@state.gov
6905850624,300M,jcb,Irwinn,imarhamjw@umich.edu
3211278370,Th!nk,maestro,Dominick,dskoatejx@php.net
4278404794,Town Car,maestro,Lothario,lsleithjy@over-blog.com
5009703653,Pacifica,diners-club-enroute,Cirillo,cmcelweejz@uol.com.br
1879685825,Land Cruiser,jcb,Earl,eballingk0@usa.gov
7006758971,Frontier,americanexpress,Orlan,oalderk1@slideshare.net
8987949605,V50,bankcard,Gerrie,gheberdenk2@symantec.com
8984027065,xD,diners-club-carte-blanche,Powell,pnickersonk3@simplemachines.org
5465550856,Cordia,switch,Wilton,wgummk4@hatena.ne.jp
9023321782,7 Series,jcb,Obadias,oinglesantk5@examiner.com
7254188466,Explorer,jcb,Benson,bhabbeshawk6@dagondesign.com
5134597685,Aspire,jcb,Fair,fgillingk7@nhs.uk
6387779189,3 Series,americanexpress,Shepard,sstarrsk8@t.co
5062758351,Viper,laser,Bradan,bdewesk9@istockphoto.com
3641587778,Civic Si,visa-electron,Norry,nmyerska@cdbaby.com
2225409927,Contour,switch,Walsh,wfortmankb@goo.gl
4291159161,M6,jcb,Parry,paxekc@friendfeed.com
3417627664,Ranger,maestro,Gerhardt,gritzmankd@photobucket.com
5502184323,Daewoo Lacetti,diners-club-carte-blanche,Trip,tshoubridgeke@sohu.com
4581823412,Mazdaspeed 3,jcb,Whitman,wtatnellkf@slideshare.net
1729310109,LX,maestro,Marty,mclericoateskg@ft.com
8622145700,944,maestro,Jo,jbratleykh@omniture.com
5895690157,Safari,instapayment,Hagen,hricardouki@mlb.com
0513560815,Pajero,americanexpress,Craggy,csleichtkj@google.com.hk
3253380440,S-Type,americanexpress,Gunter,gcamberkk@gnu.org
6886348434,Tempo,switch,Shepherd,sswattenkl@ucla.edu
1019544422,Previa,china-unionpay,Arnaldo,anortheastkm@ftc.gov
2570314773,Mirage,americanexpress,Armin,apurdeykn@chron.com
5383351124,Insight,visa-electron,Chico,cswaingerko@mapquest.com
9290205342,Bonneville,instapayment,Lance,lfliegkp@deliciousdays.com
0089723279,F150,jcb,Elisha,esnelgarkq@google.ru
7886892097,RX-7,jcb,Ermin,eandreixkr@gizmodo.com
2120535841,ZDX,mastercard,Temple,tdewburyks@instagram.com
9299914826,Savana 1500,jcb,Clim,ctuppenykt@blog.com
4949609548,Corvette,laser,Jimmy,jluckesku@ucsd.edu
9803044079,Murciélago,jcb,Merv,mluggarkv@ucoz.ru
8739713822,A5,switch,Walton,wgandrichkw@shinystat.com
9882981690,M3,mastercard,Allister,apendlentonkx@naver.com
5815566330,Corvette,jcb,Gray,gunionky@goo.ne.jp
9912824865,Ram Van 3500,jcb,Freemon,fworssamkz@accuweather.com
9263998795,F350,maestro,Stillmann,swalderl0@youtube.com
5526802981,Lancer,jcb,Langston,lstuartl1@usa.gov
3316221530,Avalon,instapayment,Clemente,ctargel2@shop-pro.jp
0074914421,F-Series,diners-club-enroute,Edwin,enanol3@cyberchimps.com
3323464222,C8 Spyder,china-unionpay,Morey,mcarmontl4@imgur.com
8160053959,Summit,switch,Duff,dibbitsonl5@si.edu
2954143568,Elantra,jcb,Bond,bhamlyl6@berkeley.edu
8338615668,Suburban 2500,solo,Timothy,tsurmonl7@ustream.tv
9326673944,GTO,jcb,Jens,jodbyl8@bizjournals.com
8805742600,Neon,jcb,Major,mdegregolil9@bluehost.com
8407030805,Golf,switch,Nealson,ngoodliffela@stanford.edu
1914757955,Eclipse,bankcard,Chauncey,cvarranlb@illinois.edu
1889660434,Mustang,jcb,Burch,bferrarellolc@admin.ch
9214507201,545,diners-club-us-ca,Aldwin,ajexld@adobe.com
3044300185,X5,china-unionpay,Mark,moutridgele@mayoclinic.com
0570512603,Express 2500,diners-club-carte-blanche,Gaston,gzannuttilf@bizjournals.com
5275012799,Leganza,mastercard,Theo,ttattonlg@meetup.com
9190221427,Santa Fe,jcb,Marty,mleecelh@mlb.com
2684908494,F250,diners-club-us-ca,Warde,wdinisli@diigo.com
5607709833,Z4,maestro,Tucky,tblenkinsopplj@ibm.com
7494283137,Ram 2500 Club,jcb,Fairleigh,fbarfflk@rakuten.co.jp
0195834690,Aerostar,maestro,Rudy,rclohessyll@oakley.com
7439857712,530,jcb,Maximilien,mkilloughlm@hexun.com
3516472634,XK,visa-electron,Forrester,fboydeln@netlog.com
4852056366,Compass,jcb,Claire,ccloweslo@japanpost.jp
9800328262,Fleetwood,jcb,Eduino,eheavysidelp@pen.io
1531051723,RL,maestro,Rab,rtynemouthlq@gizmodo.com
4280203350,Caprice,instapayment,Clem,callwoodlr@ted.com
6153346421,Escalade EXT,jcb,Richy,rthelwllls@elpais.com
5644770206,Ranger,switch,Germayne,gwarkelt@bravesites.com
0885917006,Grand Caravan,jcb,George,glaflinlu@sogou.com
9601202358,Tredia,visa-electron,Gerhard,gcoopperlv@cisco.com
8620122495,XJ Series,americanexpress,Flory,faucocklw@aol.com
0154564087,rio,maestro,Bryan,bwaitinglx@google.co.jp
8484123871,S-Series,bankcard,Barton,bbonnesenly@microsoft.com
6495081286,Terraza,bankcard,Torrance,tholsteinlz@ning.com
9168044194,Impala,visa-electron,Minor,mlafrentzm0@google.nl
8758592946,G,visa,Leroi,lmcaleesm1@canalblog.com
9356711658,Firebird,jcb,Peterus,pgumbym2@printfriendly.com
3431155987,CLS-Class,jcb,Kaspar,ksheachm3@delicious.com
0994204302,F150,jcb,Carny,cparslowm4@sun.com
3672768995,H3T,jcb,Bond,bstuartm5@hostgator.com
0725305304,LaCrosse,maestro,Marlo,msapwellm6@privacy.gov.au
0980050847,Equator,mastercard,Aguste,alanem7@opensource.org
4524912436,Montero Sport,switch,Raymund,rkelnerm8@weather.com
3444126697,Firebird,americanexpress,Ross,rnelmm9@hostgator.com
1046937626,Tacoma Xtra,visa-electron,Torin,tgrossma@cmu.edu
4085868691,2500,americanexpress,Ambrosius,apuntonmb@jugem.jp
7891367493,Phantom,jcb,Torin,tbowndemc@tripod.com
2180735189,Suburban 2500,laser,Kingsly,kandraschmd@skyrock.com
3815961513,Thunderbird,maestro,Selby,swiggansme@wordpress.com
1679409875,Topaz,visa,Gaelan,gkachellermf@columbia.edu
2148536958,3500,jcb,Boycie,bdraiseymg@bravesites.com
5205580240,Suburban 2500,jcb,Benedicto,bkaleymh@hao123.com
2943240664,Savana 3500,jcb,Thorpe,teyeingtonmi@unc.edu
6083794196,Catera,diners-club-carte-blanche,Riobard,rbambermj@51.la
8419094269,Forte,jcb,Ford,fhebermk@lycos.com
7830984093,Aerostar,jcb,Chicky,crysomml@telegraph.co.uk
9165524403,Tercel,diners-club-enroute,See,sbickstethmm@creativecommons.org
0440145341,A8,diners-club-international,Urbain,utiplingmn@aol.com
8594664389,RX Hybrid,americanexpress,Hubert,hsherrockmo@flickr.com
8537528609,Town Car,jcb,Rice,rleggatmp@woothemes.com
5910410768,Ram Van B250,jcb,Averil,ascottsmq@twitpic.com
7179934062,300D,visa,Gran,gyeskovmr@wunderground.com
0142009121,Passat,visa-electron,Gan,gradleighms@yandex.ru
8080886601,Yukon XL 2500,jcb,Dav,dbrignellmt@comcast.net
0294960511,300ZX,maestro,Claudianus,ccreedlandmu@123-reg.co.uk
6611925554,E250,jcb,Thoma,tjochensmv@bloglines.com
9376117670,Escort,laser,Aldo,ahabornmw@so-net.ne.jp
4333508711,H1,jcb,Gilberto,gmillmoremx@dmoz.org
8436259017,LSS,bankcard,Darby,dswayslandmy@bing.com
1290336024,Caravan,maestro,Tudor,tshimminmz@wordpress.org
3657390855,XJ,jcb,Adolf,acanlandn0@disqus.com
6234452019,Patriot,mastercard,Dame,dlebondn1@google.nl
1355308437,S-Class,mastercard,Perice,pleadstonn2@japanpost.jp
8142178222,Ram 3500,maestro,Ross,rscrivinern3@ed.gov
2711978893,Cobalt,diners-club-enroute,Edwin,efarquarn4@webnode.com
3730588125,A4,jcb,Ed,ehalifaxn5@mapquest.com
7290612558,Savana 3500,diners-club-us-ca,Willi,wellermann6@livejournal.com
1685378463,Cutlass Supreme,jcb,Berky,bmackilpatrickn7@spotify.com
2390440649,XJ Series,switch,Yvor,ydilletn8@narod.ru
2810702659,SRX,visa-electron,Olag,ogrunwaldn9@yellowbook.com
4272983393,1500 Club Coupe,jcb,Hilarius,hwarwickerna@alexa.com
3440887294,Grand Cherokee,switch,Alfy,alapthornenb@instagram.com
0434532592,Nitro,visa,Anatole,alaingenc@japanpost.jp
0519172434,Fortwo,jcb,Wernher,wgreenwoodnd@desdev.cn
6350660625,Durango,instapayment,Dorian,dmaccollomne@quantcast.com
1596869445,F150,visa-electron,Dame,drechernf@yale.edu
7751655631,Viper,jcb,Alonzo,agrewarng@nbcnews.com
6611381554,Thunderbird,jcb,Norby,ndoughertynh@angelfire.com
1843465019,Eclipse,jcb,Hilary,hkalfni@google.ru
2768763969,Touareg,maestro,Brandyn,bflishernj@sitemeter.com
9418491265,New Beetle,jcb,Eldin,ejosephsennk@wiley.com
8515295962,A8,mastercard,Arlin,abibbienl@cdbaby.com
0143927213,Laser,jcb,Grange,gmacintyrenm@chron.com
0948564059,GTI,instapayment,Hamlin,hputlandnn@yandex.ru
0626016789,Express 3500,jcb,Georgy,gllopno@google.com.br
5495749383,H2,bankcard,Mose,mwalheddnp@cdc.gov
8172639767,M-Class,jcb,Ragnar,rkermannq@nifty.com
7052393182,57,jcb,Hamnet,hfitkinnr@apache.org
4362988165,Coupe GT,americanexpress,Ignazio,iharbackns@123-reg.co.uk
2534136089,A8,diners-club-enroute,Darin,dbrownhallnt@webs.com
3135216535,Highlander,americanexpress,Moise,mbellynu@mlb.com
1720459436,Type 2,visa-electron,Mick,mkleynennv@rambler.ru
4067876467,Land Cruiser,jcb,Vince,vbailsnw@census.gov
3496434813,XC60,jcb,Edmund,ebridelnx@yellowbook.com
4843895229,XF,maestro,Taber,tkernesny@mac.com
5263074956,CX-9,visa,Randell,rblackwaynz@ning.com
6293796632,Gallardo,jcb,Reinold,ragglioneo0@tripadvisor.com
8185549044,RSX,solo,Delano,dveallo1@stumbleupon.com
6987642931,Express 3500,jcb,Kory,khassento2@tmall.com
2736165780,Electra,jcb,Brit,bconklingo3@qq.com
2681440203,XF,jcb,Tobias,tblewiso4@japanpost.jp
2234375525,Continental GTC,jcb,Elsworth,eboordo5@nsw.gov.au
1961615479,Corolla,bankcard,Riordan,rrutherfoordo6@usgs.gov
3473056936,Escort,jcb,Justus,jwhittocko7@acquirethisname.com
8850561156,Express 1500,jcb,Edmon,ekonmanno8@multiply.com
6998734689,Ranger,diners-club-enroute,Ray,rcovolinio9@cyberchimps.com
5353074335,Galant,jcb,Jody,jguiceoa@cbsnews.com
2640714201,Vantage,diners-club-enroute,Shurlock,straskeob@gnu.org
3555270656,Carens,bankcard,Ryan,rbuscombeoc@naver.com
4812795656,G,jcb,Mano,msneezumod@fema.gov
1836709293,Sportvan G30,jcb,Burnaby,bsambidgeoe@sfgate.com
2626680079,Th!nk,mastercard,Evelyn,edebenedettiof@tiny.cc
8725603418,XLR,switch,Hank,hcatterollog@hhs.gov
9513282821,A3,diners-club-carte-blanche,Chas,csleeoh@sfgate.com
3750673772,G35,americanexpress,Granny,gchildrensoi@earthlink.net
3675248542,Town Car,visa-electron,Del,dbrownsettoj@cam.ac.uk
7004152243,C-Class,jcb,Padget,psalesok@zimbio.com
6300012328,Silverado 2500,jcb,Gallagher,gsiseyol@symantec.com
6959491517,PT Cruiser,jcb,Douglass,dsasserom@51.la
9999949290,X5,americanexpress,Kenneth,kmargaritellion@vkontakte.ru
9690766694,LeMans,bankcard,Winston,wridgewelloo@cyberchimps.com
3792157993,Impreza,switch,Alonzo,aalwenop@wikimedia.org
2118174705,Spyder,jcb,Ragnar,rmckernanoq@usnews.com
7426257436,Courier,jcb,Augustus,adrooganor@sina.com.cn
3640253744,Escalade,jcb,Waverly,wmountos@vinaora.com
5604878456,Ram Van B350,jcb,Artemas,auttersonot@e-recht24.de
4069008403,Vantage,diners-club-us-ca,Prescott,pvarvaraou@mysql.com
5600512635,E250,jcb,Onofredo,ojoppichov@chicagotribune.com
3660851019,CLS-Class,visa,Richmound,rheamusow@sogou.com
3696902705,Prius,mastercard,Dionisio,dvanceox@networksolutions.com
5641773670,Eclipse,jcb,Layton,lorumoy@ning.com
7343612670,DBS,jcb,Brodie,bcardoooz@google.co.uk
7920457653,Park Avenue,jcb,Yance,ycharlesworthp0@sakura.ne.jp
3835919512,XK,jcb,Renard,raronstamp1@cloudflare.com
4941680014,Tercel,jcb,Filip,fgullickp2@facebook.com
9016859799,Astro,jcb,Doy,dwhilderp3@constantcontact.com
7651555538,Escape,jcb,Llewellyn,lskonesp4@soundcloud.com
5969871389,600SEL,china-unionpay,Carleton,clghanp5@unesco.org
4464371086,X6,visa-electron,Claire,cdawidp6@skype.com
1532084544,300M,switch,Jocko,jsorp7@prweb.com
3811117688,Impala,jcb,Pooh,pyakebowitchp8@qq.com
1893275892,DeVille,laser,Cobby,ckinnierp9@prweb.com
4114675698,Continental Super,jcb,Chauncey,csentenpa@ifeng.com
7553373583,Savana 1500,jcb,Wylie,wstilingpb@virginia.edu
9867440463,LeSabre,diners-club-enroute,Demetri,dchampneypc@amazon.co.uk
6523876896,Discovery Series II,jcb,Felix,fannakinpd@1und1.de
2657826105,CX-9,jcb,Reinhold,rkiljanpe@sun.com
9723119803,Rally Wagon 1500,switch,Stanleigh,soleszcukpf@google.ca
8134847188,Charger,switch,Stanleigh,scawtpg@prnewswire.com
5035063259,3500 Club Coupe,visa-electron,Francklyn,fshakspeareph@nyu.edu
6798253296,GTI,mastercard,Tirrell,tballantynepi@tuttocitta.it
3093361400,Phantom,maestro,Luke,lhartepj@barnesandnoble.com
0384370527,Ranger,laser,Carlo,cstottpk@yelp.com
8088646669,Fleetwood,jcb,Northrop,ncretneypl@nifty.com
7889229402,CL-Class,jcb,Nickolai,nklaespm@jalbum.net
9486299579,G6,jcb,Davidde,dbutsonpn@yelp.com
7125536166,Corvette,jcb,Norbert,nlaughtonpo@cnn.com
3479273505,Elantra,diners-club-carte-blanche,Sam,sabrashkinpp@tuttocitta.it
2422415660,Tracker,switch,Sky,sbradenpq@nydailynews.com
4744041469,S10,visa,Andrew,agonnelpr@sogou.com
3121990780,Pathfinder,jcb,Amery,astattonps@sciencedirect.com
2408412536,New Yorker,maestro,Akim,aheidenpt@deviantart.com
8725716409,Avenger,jcb,Hercule,hdochepu@hexun.com
8288970052,Savana 2500,visa-electron,Delmor,dmeyerpv@mail.ru
6948261000,Kizashi,visa-electron,Anson,aettypw@spiegel.de
3082338011,GX,jcb,Bennett,balbrookpx@alibaba.com
6946027671,M3,jcb,Asher,anotleypy@businessweek.com
0984100148,Explorer Sport Trac,jcb,Esra,etenantpz@ihg.com
5325487434,Corvette,jcb,Antonio,aoldakerq0@sciencedaily.com
8795632018,Coachbuilder,switch,Dud,dfifootq1@upenn.edu
9248625495,PT Cruiser,jcb,Sloan,sgulstonq2@prlog.org
1334445303,Element,jcb,Sergei,sswensonq3@imdb.com
8678343737,D150,jcb,Tito,tgodthaabq4@yahoo.co.jp
9634524168,GS,jcb,Alisander,ahalgarthq5@economist.com
9223002451,Pathfinder,mastercard,Nye,noseltonq6@google.com
0317554700,Solstice,mastercard,Hansiain,hsnodingq7@wunderground.com
8945309373,968,diners-club-us-ca,Bil,bearpeq8@mail.ru
8006833109,Civic,jcb,Patton,pharvettq9@dagondesign.com
1925496996,Discovery,diners-club-carte-blanche,Geoff,gkitchinqa@sciencedirect.com
4012838628,Corolla,maestro,Cornell,cdelacroixqb@cmu.edu
5136146419,Suburban 2500,laser,Had,hloadqc@usnews.com
8515940671,G35,mastercard,Noam,njewittqd@dot.gov
0606363793,Electra,diners-club-enroute,Bartel,blengthornqe@slate.com
8531773180,Taurus,jcb,Zacherie,zbruggemanqf@godaddy.com
9250268041,XL-7,jcb,Logan,lbruggerqg@addthis.com
7832231750,Mighty Max,diners-club-us-ca,Arnie,aoneillqh@hao123.com
3391527579,Ram Wagon B250,jcb,Vic,vrumneyqi@icq.com
7073786132,Suburban 1500,diners-club-us-ca,Ulick,uburdassqj@goo.ne.jp
7441441900,Prelude,jcb,Teador,tcattelqk@pbs.org
8976098072,Explorer Sport Trac,jcb,Stanislaus,sbrokenshireql@instagram.com
4204914462,Durango,jcb,Omero,okeysqm@geocities.jp
7105829249,G6,jcb,Roddy,rmchughqn@youku.com
5596951498,Xterra,mastercard,Worthy,wfrissellqo@shareasale.com
7075998870,Cooper Clubman,maestro,Nathanael,nettridgeqp@elegantthemes.com
2784587258,Swift,jcb,Constantine,cburchattqq@symantec.com
7268182864,Vanquish S,jcb,Sigismundo,sfarfullqr@dagondesign.com
1216492832,X5,diners-club-enroute,Rockie,rleyesqs@discovery.com
1555755305,Firebird,mastercard,King,kfrondtqt@blogspot.com
4280086095,Suburban,jcb,Bengt,baizikovitchqu@si.edu
3748835159,XJ,instapayment,Fairfax,fflawithqv@walmart.com
5303084329,A4,jcb,Domenico,dbrennanqw@macromedia.com
4897217288,Laser,laser,Windham,wgeibelqx@friendfeed.com
0523083734,Montero,mastercard,Gustav,glovettqy@skype.com
9152278174,Silhouette,bankcard,Quintus,qtemprellqz@boston.com
7561828136,Veracruz,mastercard,Torrin,tnussgenr0@ebay.com
8756647727,GX,mastercard,Oberon,ocongramr1@xing.com
7132715860,Escort,jcb,Bondy,bshelveyr2@wp.com
5289869239,Magnum,solo,Uriah,udawneyr3@hud.gov
4230186177,V50,jcb,Jase,jdrainr4@mtv.com
9520771085,Lanos,americanexpress,Tann,thallgarthr5@woothemes.com
3775487956,Element,instapayment,Norrie,nroacher6@bluehost.com
5988467490,SLR McLaren,jcb,Normy,ngoddardr7@trellian.com
1001546040,Savana 2500,americanexpress,Kort,kduker8@plala.or.jp
6087914382,Sequoia,jcb,Barri,bmayour9@seattletimes.com
9088138117,MX-3,jcb,Walt,wcrippenra@sogou.com
3716433608,Camaro,jcb,Bartel,blawlierb@jalbum.net
0876699301,5000S,americanexpress,Noby,nredishrc@networksolutions.com
6363774357,Leone,jcb,Lennard,lpastorrd@patch.com
3947682433,MX-5,diners-club-enroute,Tris,tmckelveyre@wsj.com
8500790121,PT Cruiser,maestro,Stavro,sgoodhewrf@51.la
6183655880,Ram 1500,switch,Charlton,cthorbonrg@printfriendly.com
5736767260,E150,solo,Niels,norrittrh@yale.edu
2478641291,Silhouette,laser,Pepillo,pgoodhewri@artisteer.com
2570180947,X-Type,diners-club-carte-blanche,Parry,psyversenrj@1688.com
0356674584,MDX,maestro,Ludvig,lburrowsrk@census.gov
9167253857,E-Series,jcb,Irvine,ivaiseyrl@networksolutions.com
4574104139,LaCrosse,mastercard,Kristopher,kcammiemilerm@china.com.cn
6856857195,Sierra 2500,mastercard,Zebulen,zordemannrn@webmd.com
6402357553,SL-Class,jcb,Dov,dlearmouthro@acquirethisname.com
7637488047,Pathfinder,bankcard,Chan,cmuddrp@dion.ne.jp
8576694344,Outlook,china-unionpay,Walton,wmussillirq@github.com
9604095269,Carens,switch,Syman,sericssonrr@gmpg.org
